{{"line":"22","brigade":"11","latitude":52.248764,"longitude":20.9792233,"time":"2017-04-20T12:00:04"},
{"line":"22","brigade":"11","latitude":52.2501945,"longitude":20.9797859,"time":"2017-04-20T12:00:19"},
{"line":"22","brigade":"11","latitude":52.2529449,"longitude":20.9811401,"time":"2017-04-20T12:01:17"},
{"line":"22","brigade":"11","latitude":52.2529449,"longitude":20.9811401,"time":"2017-04-20T12:02:10"},
{"line":"22","brigade":"11","latitude":52.2544022,"longitude":20.9819202,"time":"2017-04-20T12:03:44"},
{"line":"22","brigade":"11","latitude":52.2555733,"longitude":20.982132,"time":"2017-04-20T12:04:26"},
{"line":"22","brigade":"11","latitude":52.2555733,"longitude":20.982132,"time":"2017-04-20T12:04:43"},
{"line":"22","brigade":"11","latitude":52.2561684,"longitude":20.9818878,"time":"2017-04-20T12:05:08"},
{"line":"22","brigade":"11","latitude":52.2592506,"longitude":20.9810314,"time":"2017-04-20T12:05:34"},
{"line":"22","brigade":"11","latitude":52.2604218,"longitude":20.9807873,"time":"2017-04-20T12:05:45"},
{"line":"22","brigade":"11","latitude":52.2618065,"longitude":20.980196,"time":"2017-04-20T12:06:11"},
{"line":"22","brigade":"11","latitude":52.2626305,"longitude":20.9778843,"time":"2017-04-20T12:06:43"},
{"line":"22","brigade":"11","latitude":52.2642136,"longitude":20.972168,"time":"2017-04-20T12:07:51"},
{"line":"22","brigade":"11","latitude":52.2645187,"longitude":20.9710732,"time":"2017-04-20T12:08:11"},
{"line":"22","brigade":"11","latitude":52.2710838,"longitude":20.9437733,"time":"2017-04-20T12:19:59"},
{"line":"22","brigade":"11","latitude":52.2710838,"longitude":20.9437733,"time":"2017-04-20T12:20:31"},
{"line":"22","brigade":"11","latitude":52.2710838,"longitude":20.9437733,"time":"2017-04-20T12:20:36"},
{"line":"22","brigade":"11","latitude":52.2710838,"longitude":20.9437733,"time":"2017-04-20T12:20:47"},
{"line":"22","brigade":"11","latitude":52.2710838,"longitude":20.9437733,"time":"2017-04-20T12:23:03"},
{"line":"22","brigade":"11","latitude":52.2710838,"longitude":20.9437733,"time":"2017-04-20T12:23:19"},
{"line":"22","brigade":"11","latitude":52.271328,"longitude":20.9439449,"time":"2017-04-20T12:26:01"},
{"line":"22","brigade":"11","latitude":52.271328,"longitude":20.9439449,"time":"2017-04-20T12:26:17"},
{"line":"22","brigade":"11","latitude":52.271328,"longitude":20.9439449,"time":"2017-04-20T12:26:48"},
{"line":"22","brigade":"11","latitude":52.271328,"longitude":20.9439449,"time":"2017-04-20T12:28:07"},
{"line":"22","brigade":"11","latitude":52.271328,"longitude":20.9439449,"time":"2017-04-20T12:28:33"},
{"line":"22","brigade":"11","latitude":52.271328,"longitude":20.9439449,"time":"2017-04-20T12:28:44"},
{"line":"22","brigade":"11","latitude":52.271328,"longitude":20.9439449,"time":"2017-04-20T12:29:15"},
{"line":"22","brigade":"11","latitude":52.271328,"longitude":20.9439449,"time":"2017-04-20T12:30:13"},
{"line":"22","brigade":"11","latitude":52.271328,"longitude":20.9439449,"time":"2017-04-20T12:30:29"},
{"line":"22","brigade":"11","latitude":52.271328,"longitude":20.9439449,"time":"2017-04-20T12:30:39"},
{"line":"22","brigade":"11","latitude":52.271328,"longitude":20.9439449,"time":"2017-04-20T12:31:01"},
{"line":"22","brigade":"11","latitude":52.271328,"longitude":20.9439449,"time":"2017-04-20T12:31:16"},
{"line":"22","brigade":"11","latitude":52.271328,"longitude":20.9439449,"time":"2017-04-20T12:32:56"},
{"line":"22","brigade":"11","latitude":52.271328,"longitude":20.9439449,"time":"2017-04-20T12:33:11"},
{"line":"22","brigade":"11","latitude":52.271328,"longitude":20.9439449,"time":"2017-04-20T12:34:04"},
{"line":"22","brigade":"11","latitude":52.271328,"longitude":20.9439449,"time":"2017-04-20T12:34:40"},
{"line":"22","brigade":"11","latitude":52.271328,"longitude":20.9439449,"time":"2017-04-20T12:34:56"},
{"line":"22","brigade":"11","latitude":52.271328,"longitude":20.9439449,"time":"2017-04-20T12:35:43"},
{"line":"22","brigade":"11","latitude":52.271328,"longitude":20.9439449,"time":"2017-04-20T12:35:54"},
{"line":"22","brigade":"11","latitude":52.2714081,"longitude":20.9459457,"time":"2017-04-20T12:38:26"},
{"line":"22","brigade":"11","latitude":52.2705078,"longitude":20.9492226,"time":"2017-04-20T12:38:58"},
{"line":"22","brigade":"11","latitude":52.2704353,"longitude":20.9494762,"time":"2017-04-20T12:39:13"},
{"line":"22","brigade":"11","latitude":52.2704353,"longitude":20.9494762,"time":"2017-04-20T12:39:24"},
{"line":"22","brigade":"11","latitude":52.2693481,"longitude":20.9534035,"time":"2017-04-20T12:40:11"},
{"line":"22","brigade":"11","latitude":52.2693481,"longitude":20.9534035,"time":"2017-04-20T12:40:16"},
{"line":"22","brigade":"11","latitude":52.2686539,"longitude":20.955925,"time":"2017-04-20T12:40:43"},
{"line":"22","brigade":"11","latitude":52.2680054,"longitude":20.9582729,"time":"2017-04-20T12:40:59"},
{"line":"22","brigade":"11","latitude":52.2672691,"longitude":20.9609642,"time":"2017-04-20T12:41:43"},
{"line":"22","brigade":"11","latitude":52.2666702,"longitude":20.9631042,"time":"2017-04-20T12:42:54"},
{"line":"22","brigade":"11","latitude":52.2647629,"longitude":20.9699917,"time":"2017-04-20T12:44:23"},
{"line":"22","brigade":"11","latitude":52.2643433,"longitude":20.9714966,"time":"2017-04-20T12:45:10"},
{"line":"22","brigade":"11","latitude":52.2640228,"longitude":20.9726677,"time":"2017-04-20T12:45:58"},
{"line":"22","brigade":"11","latitude":52.2629547,"longitude":20.9764996,"time":"2017-04-20T12:46:19"},
{"line":"22","brigade":"11","latitude":52.2623901,"longitude":20.9785404,"time":"2017-04-20T12:46:55"},
{"line":"22","brigade":"11","latitude":52.2623901,"longitude":20.9785404,"time":"2017-04-20T12:47:37"},
{"line":"22","brigade":"11","latitude":52.2622414,"longitude":20.9791088,"time":"2017-04-20T12:47:48"},
{"line":"22","brigade":"11","latitude":52.2611389,"longitude":20.9805527,"time":"2017-04-20T12:48:08"},
{"line":"22","brigade":"11","latitude":52.2599411,"longitude":20.9808521,"time":"2017-04-20T12:48:19"},
{"line":"22","brigade":"11","latitude":52.2554893,"longitude":20.9821091,"time":"2017-04-20T12:49:43"},
{"line":"22","brigade":"11","latitude":52.2554207,"longitude":20.9821358,"time":"2017-04-20T12:49:53"},
{"line":"22","brigade":"11","latitude":52.2552185,"longitude":20.9822178,"time":"2017-04-20T12:50:40"},
{"line":"22","brigade":"11","latitude":52.2544899,"longitude":20.981945,"time":"2017-04-20T12:51:28"},
{"line":"22","brigade":"11","latitude":52.2540779,"longitude":20.9816265,"time":"2017-04-20T12:51:43"},
{"line":"22","brigade":"11","latitude":52.2535553,"longitude":20.9813862,"time":"2017-04-20T12:51:54"},
{"line":"22","brigade":"11","latitude":52.2535477,"longitude":20.9813862,"time":"2017-04-20T12:52:25"},
{"line":"22","brigade":"11","latitude":52.2487831,"longitude":20.9791794,"time":"2017-04-20T12:53:39"},
{"line":"22","brigade":"11","latitude":52.2452278,"longitude":20.9770832,"time":"2017-04-20T12:54:26"},
{"line":"22","brigade":"11","latitude":52.2444305,"longitude":20.9771824,"time":"2017-04-20T12:54:52"},
{"line":"22","brigade":"11","latitude":52.2422867,"longitude":20.9779072,"time":"2017-04-20T12:55:25"},
{"line":"22","brigade":"11","latitude":52.2398262,"longitude":20.9775677,"time":"2017-04-20T12:56:06"},
{"line":"22","brigade":"11","latitude":52.2384262,"longitude":20.9783306,"time":"2017-04-20T12:56:43"},
{"line":"22","brigade":"11","latitude":52.2384262,"longitude":20.9783306,"time":"2017-04-20T12:56:58"},
{"line":"22","brigade":"11","latitude":52.2371063,"longitude":20.9799938,"time":"2017-04-20T12:57:58"},
{"line":"22","brigade":"11","latitude":52.236866,"longitude":20.9801769,"time":"2017-04-20T12:58:04"},
{"line":"22","brigade":"11","latitude":52.2360077,"longitude":20.9804878,"time":"2017-04-20T12:58:52"},
{"line":"22","brigade":"11","latitude":52.2354965,"longitude":20.9806595,"time":"2017-04-20T12:59:03"},
{"line":"22","brigade":"11","latitude":52.2290764,"longitude":20.9855099,"time":"2017-04-20T13:01:30"},
{"line":"22","brigade":"11","latitude":52.2277336,"longitude":20.98666,"time":"2017-04-20T13:01:46"},
{"line":"22","brigade":"11","latitude":52.2275352,"longitude":20.9868336,"time":"2017-04-20T13:02:02"},
{"line":"22","brigade":"11","latitude":52.2274818,"longitude":20.9868793,"time":"2017-04-20T13:02:12"},
{"line":"22","brigade":"11","latitude":52.2267914,"longitude":20.9874763,"time":"2017-04-20T13:02:23"},
{"line":"22","brigade":"11","latitude":52.2259102,"longitude":20.9881649,"time":"2017-04-20T13:02:33"},
{"line":"22","brigade":"11","latitude":52.2252693,"longitude":20.9887238,"time":"2017-04-20T13:03:47"},
{"line":"22","brigade":"11","latitude":52.2252693,"longitude":20.9887238,"time":"2017-04-20T13:03:57"},
{"line":"22","brigade":"11","latitude":52.2252693,"longitude":20.9887238,"time":"2017-04-20T13:04:23"},
{"line":"22","brigade":"11","latitude":52.2250519,"longitude":20.9899216,"time":"2017-04-20T13:05:42"},
{"line":"22","brigade":"11","latitude":52.2253304,"longitude":20.9906216,"time":"2017-04-20T13:06:19"},
{"line":"22","brigade":"11","latitude":52.2259331,"longitude":20.9935513,"time":"2017-04-20T13:06:41"},
{"line":"22","brigade":"11","latitude":52.2263031,"longitude":20.9952393,"time":"2017-04-20T13:07:58"},
{"line":"22","brigade":"11","latitude":52.2263031,"longitude":20.9952393,"time":"2017-04-20T13:08:08"},
{"line":"22","brigade":"11","latitude":52.2268524,"longitude":20.9977894,"time":"2017-04-20T13:08:45"},
{"line":"22","brigade":"11","latitude":52.2276382,"longitude":21.0014515,"time":"2017-04-20T13:09:12"},
{"line":"22","brigade":"11","latitude":52.2279129,"longitude":21.0027714,"time":"2017-04-20T13:09:28"},
{"line":"22","brigade":"11","latitude":52.2295113,"longitude":21.0102806,"time":"2017-04-20T13:11:07"},
{"line":"22","brigade":"11","latitude":52.2303772,"longitude":21.0144043,"time":"2017-04-20T13:12:25"},
{"line":"22","brigade":"11","latitude":52.2307014,"longitude":21.0158615,"time":"2017-04-20T13:12:41"},
{"line":"22","brigade":"11","latitude":52.2307014,"longitude":21.0158615,"time":"2017-04-20T13:12:57"},
{"line":"22","brigade":"11","latitude":52.2310905,"longitude":21.0176926,"time":"2017-04-20T13:13:13"},
{"line":"22","brigade":"11","latitude":52.2314758,"longitude":21.0195065,"time":"2017-04-20T13:13:26"},
{"line":"22","brigade":"11","latitude":52.2316093,"longitude":21.0201206,"time":"2017-04-20T13:13:33"},
{"line":"22","brigade":"11","latitude":52.2316093,"longitude":21.0201206,"time":"2017-04-20T13:14:15"},
{"line":"22","brigade":"11","latitude":52.2316971,"longitude":21.0205383,"time":"2017-04-20T13:14:31"},
{"line":"22","brigade":"11","latitude":52.232193,"longitude":21.0228806,"time":"2017-04-20T13:14:47"},
{"line":"22","brigade":"11","latitude":52.2337151,"longitude":21.0302849,"time":"2017-04-20T13:15:29"},
{"line":"22","brigade":"11","latitude":52.2342796,"longitude":21.03302,"time":"2017-04-20T13:15:50"},
{"line":"22","brigade":"11","latitude":52.2349396,"longitude":21.0363235,"time":"2017-04-20T13:16:16"},
{"line":"22","brigade":"11","latitude":52.2351418,"longitude":21.0372753,"time":"2017-04-20T13:16:32"},
{"line":"22","brigade":"11","latitude":52.2368965,"longitude":21.0458298,"time":"2017-04-20T13:17:45"},
{"line":"22","brigade":"11","latitude":52.2378845,"longitude":21.0503311,"time":"2017-04-20T13:18:22"},
{"line":"22","brigade":"11","latitude":52.2379799,"longitude":21.050808,"time":"2017-04-20T13:18:58"},
{"line":"22","brigade":"11","latitude":52.2389755,"longitude":21.051096,"time":"2017-04-20T13:19:30"},
{"line":"22","brigade":"11","latitude":52.2394943,"longitude":21.0508366,"time":"2017-04-20T13:19:40"},
{"line":"22","brigade":"11","latitude":52.2394981,"longitude":21.0508366,"time":"2017-04-20T13:20:01"},
{"line":"22","brigade":"11","latitude":52.2433701,"longitude":21.0489693,"time":"2017-04-20T13:20:43"},
{"line":"22","brigade":"11","latitude":52.2477493,"longitude":21.0474682,"time":"2017-04-20T13:21:41"},
{"line":"22","brigade":"11","latitude":52.2475891,"longitude":21.0483761,"time":"2017-04-20T13:21:57"},
{"line":"22","brigade":"11","latitude":52.2473412,"longitude":21.0519505,"time":"2017-04-20T13:23:00"},
{"line":"22","brigade":"11","latitude":52.2472687,"longitude":21.053154,"time":"2017-04-20T13:23:36"},
{"line":"22","brigade":"11","latitude":52.2470398,"longitude":21.0563335,"time":"2017-04-20T13:24:03"},
{"line":"22","brigade":"11","latitude":52.2465591,"longitude":21.0631371,"time":"2017-04-20T13:25:53"},
{"line":"22","brigade":"11","latitude":52.2465591,"longitude":21.0631371,"time":"2017-04-20T13:26:03"},
{"line":"22","brigade":"11","latitude":52.2462082,"longitude":21.0687275,"time":"2017-04-20T13:27:17"},
{"line":"22","brigade":"11","latitude":52.2461777,"longitude":21.0692444,"time":"2017-04-20T13:27:27"},
{"line":"22","brigade":"11","latitude":52.2461243,"longitude":21.0701389,"time":"2017-04-20T13:27:48"},
{"line":"22","brigade":"11","latitude":52.2459068,"longitude":21.0739384,"time":"2017-04-20T13:28:30"},
{"line":"22","brigade":"11","latitude":52.2458763,"longitude":21.0745392,"time":"2017-04-20T13:29:07"},
{"line":"22","brigade":"11","latitude":52.2456512,"longitude":21.0785275,"time":"2017-04-20T13:29:44"},
{"line":"22","brigade":"11","latitude":52.2456284,"longitude":21.0789661,"time":"2017-04-20T13:30:15"},
{"line":"22","brigade":"11","latitude":52.2454033,"longitude":21.0827084,"time":"2017-04-20T13:31:02"},
{"line":"22","brigade":"11","latitude":52.2446518,"longitude":21.0845623,"time":"2017-04-20T13:35:40"},
{"line":"22","brigade":"11","latitude":52.2446327,"longitude":21.0848923,"time":"2017-04-20T13:35:50"},
{"line":"22","brigade":"11","latitude":52.2446327,"longitude":21.0848923,"time":"2017-04-20T13:36:11"},
{"line":"22","brigade":"11","latitude":52.2446327,"longitude":21.0848923,"time":"2017-04-20T13:36:27"},
{"line":"22","brigade":"11","latitude":52.2446327,"longitude":21.0848923,"time":"2017-04-20T13:36:53"},
{"line":"22","brigade":"11","latitude":52.2446327,"longitude":21.0848923,"time":"2017-04-20T13:37:04"},
{"line":"22","brigade":"11","latitude":52.2446327,"longitude":21.0848923,"time":"2017-04-20T13:37:30"},
{"line":"22","brigade":"11","latitude":52.2446327,"longitude":21.0848923,"time":"2017-04-20T13:38:07"},
{"line":"22","brigade":"11","latitude":52.2446327,"longitude":21.0848923,"time":"2017-04-20T13:38:33"},
{"line":"22","brigade":"11","latitude":52.2446327,"longitude":21.0848923,"time":"2017-04-20T13:38:54"},
{"line":"22","brigade":"11","latitude":52.2446327,"longitude":21.0848923,"time":"2017-04-20T13:40:23"},
{"line":"22","brigade":"11","latitude":52.2446327,"longitude":21.0848923,"time":"2017-04-20T13:41:00"},
{"line":"22","brigade":"11","latitude":52.2446327,"longitude":21.0848923,"time":"2017-04-20T13:41:15"},
{"line":"22","brigade":"11","latitude":52.2446327,"longitude":21.0848923,"time":"2017-04-20T13:43:00"},
{"line":"22","brigade":"11","latitude":52.2446327,"longitude":21.0848923,"time":"2017-04-20T13:43:48"},
{"line":"22","brigade":"11","latitude":52.2452888,"longitude":21.083889,"time":"2017-04-20T13:47:49"},
{"line":"22","brigade":"11","latitude":52.245388,"longitude":21.0831051,"time":"2017-04-20T13:47:59"},
{"line":"22","brigade":"11","latitude":52.2454109,"longitude":21.082695,"time":"2017-04-20T13:48:04"},
{"line":"22","brigade":"11","latitude":52.245842,"longitude":21.0755501,"time":"2017-04-20T13:49:49"},
{"line":"22","brigade":"11","latitude":52.245842,"longitude":21.0755501,"time":"2017-04-20T13:50:00"},
{"line":"22","brigade":"11","latitude":52.2458458,"longitude":21.0754929,"time":"2017-04-20T13:50:05"},
{"line":"22","brigade":"11","latitude":52.2460327,"longitude":21.0722313,"time":"2017-04-20T13:50:26"},
{"line":"22","brigade":"11","latitude":52.2460823,"longitude":21.0712872,"time":"2017-04-20T13:50:31"},
{"line":"22","brigade":"11","latitude":52.2461395,"longitude":21.0703297,"time":"2017-04-20T13:50:42"},
{"line":"22","brigade":"11","latitude":52.2461395,"longitude":21.0702953,"time":"2017-04-20T13:50:52"},
{"line":"22","brigade":"11","latitude":52.2461586,"longitude":21.0700302,"time":"2017-04-20T13:51:14"},
{"line":"22","brigade":"11","latitude":52.24617,"longitude":21.0698357,"time":"2017-04-20T13:51:24"},
{"line":"22","brigade":"11","latitude":52.24617,"longitude":21.0698357,"time":"2017-04-20T13:51:29"},
{"line":"22","brigade":"11","latitude":52.2463455,"longitude":21.0668163,"time":"2017-04-20T13:52:01"},
{"line":"22","brigade":"11","latitude":52.2465439,"longitude":21.0636997,"time":"2017-04-20T13:52:53"},
{"line":"22","brigade":"11","latitude":52.2465439,"longitude":21.0636997,"time":"2017-04-20T13:53:14"},
{"line":"22","brigade":"11","latitude":52.2465553,"longitude":21.0635338,"time":"2017-04-20T13:53:24"},
{"line":"22","brigade":"11","latitude":52.2466507,"longitude":21.0621185,"time":"2017-04-20T13:53:35"},
{"line":"22","brigade":"11","latitude":52.2467155,"longitude":21.0611782,"time":"2017-04-20T13:53:40"},
{"line":"22","brigade":"11","latitude":52.2473373,"longitude":21.0522423,"time":"2017-04-20T13:55:30"},
{"line":"22","brigade":"11","latitude":52.2477303,"longitude":21.0477219,"time":"2017-04-20T13:56:23"},
{"line":"22","brigade":"11","latitude":52.2466507,"longitude":21.0473003,"time":"2017-04-20T13:57:15"},
{"line":"22","brigade":"11","latitude":52.245182,"longitude":21.0480537,"time":"2017-04-20T13:57:41"},
{"line":"22","brigade":"11","latitude":52.241333,"longitude":21.0499306,"time":"2017-04-20T13:58:13"},
{"line":"22","brigade":"11","latitude":52.2386742,"longitude":21.0511818,"time":"2017-04-20T13:59:16"},
{"line":"22","brigade":"11","latitude":52.2381897,"longitude":21.051096,"time":"2017-04-20T13:59:26"},
{"line":"22","brigade":"11","latitude":52.237854,"longitude":21.0500717,"time":"2017-04-20T13:59:58"},
{"line":"22","brigade":"11","latitude":52.2365379,"longitude":21.0439968,"time":"2017-04-20T14:00:45"},
{"line":"22","brigade":"11","latitude":52.2357254,"longitude":21.0399914,"time":"2017-04-20T14:01:11"},
{"line":"22","brigade":"11","latitude":52.234024,"longitude":21.0316887,"time":"2017-04-20T14:03:01"},
{"line":"22","brigade":"11","latitude":52.2339287,"longitude":21.0312443,"time":"2017-04-20T14:03:06"},
{"line":"22","brigade":"11","latitude":52.2319145,"longitude":21.0215645,"time":"2017-04-20T14:04:46"},
{"line":"22","brigade":"11","latitude":52.2319145,"longitude":21.0215645,"time":"2017-04-20T14:04:51"},
{"line":"22","brigade":"11","latitude":52.2319145,"longitude":21.0215645,"time":"2017-04-20T14:05:23"},
{"line":"22","brigade":"11","latitude":52.2319145,"longitude":21.0215645,"time":"2017-04-20T14:05:45"},
{"line":"22","brigade":"11","latitude":52.2312698,"longitude":21.0185146,"time":"2017-04-20T14:06:26"},
{"line":"22","brigade":"11","latitude":52.2310829,"longitude":21.0176506,"time":"2017-04-20T14:06:33"},
{"line":"22","brigade":"11","latitude":52.2309113,"longitude":21.0168457,"time":"2017-04-20T14:07:13"},
{"line":"22","brigade":"11","latitude":52.2300148,"longitude":21.0126438,"time":"2017-04-20T14:07:55"},
{"line":"22","brigade":"11","latitude":52.2299461,"longitude":21.01231,"time":"2017-04-20T14:08:16"},
{"line":"22","brigade":"11","latitude":52.2299461,"longitude":21.01231,"time":"2017-04-20T14:08:21"},
{"line":"22","brigade":"11","latitude":52.2289543,"longitude":21.0076008,"time":"2017-04-20T14:09:20"},
{"line":"22","brigade":"11","latitude":52.2279282,"longitude":21.0028229,"time":"2017-04-20T14:10:22"},
{"line":"22","brigade":"11","latitude":52.2279282,"longitude":21.0028229,"time":"2017-04-20T14:11:25"},
{"line":"22","brigade":"11","latitude":52.2277184,"longitude":21.0019131,"time":"2017-04-20T14:11:46"},
{"line":"22","brigade":"11","latitude":52.2274666,"longitude":21.0006142,"time":"2017-04-20T14:11:56"},
{"line":"22","brigade":"11","latitude":52.2266197,"longitude":20.9967327,"time":"2017-04-20T14:12:27"},
{"line":"22","brigade":"11","latitude":52.2250099,"longitude":20.9897156,"time":"2017-04-20T14:14:12"},
{"line":"22","brigade":"11","latitude":52.2249374,"longitude":20.9894962,"time":"2017-04-20T14:14:59"},
{"line":"22","brigade":"11","latitude":52.2259521,"longitude":20.9881973,"time":"2017-04-20T14:15:31"},
{"line":"22","brigade":"11","latitude":52.2263908,"longitude":20.9878521,"time":"2017-04-20T14:15:57"},
{"line":"22","brigade":"11","latitude":52.229908,"longitude":20.9848385,"time":"2017-04-20T14:16:55"},
{"line":"22","brigade":"11","latitude":52.229908,"longitude":20.9848385,"time":"2017-04-20T14:17:11"},
{"line":"22","brigade":"11","latitude":52.229908,"longitude":20.9848385,"time":"2017-04-20T14:17:16"},
{"line":"22","brigade":"11","latitude":52.2318611,"longitude":20.9831429,"time":"2017-04-20T14:17:53"},
{"line":"22","brigade":"11","latitude":52.2331085,"longitude":20.9822598,"time":"2017-04-20T14:18:24"},
{"line":"22","brigade":"11","latitude":52.2331085,"longitude":20.9822598,"time":"2017-04-20T14:18:40"},
{"line":"22","brigade":"11","latitude":52.2331085,"longitude":20.9822598,"time":"2017-04-20T14:18:55"},
{"line":"22","brigade":"11","latitude":52.2331085,"longitude":20.9822598,"time":"2017-04-20T14:19:06"},
{"line":"22","brigade":"11","latitude":52.2351646,"longitude":20.9808483,"time":"2017-04-20T14:19:43"},
{"line":"22","brigade":"11","latitude":52.2353821,"longitude":20.9807434,"time":"2017-04-20T14:19:53"},
{"line":"22","brigade":"11","latitude":52.2366104,"longitude":20.9803486,"time":"2017-04-20T14:20:25"},
{"line":"22","brigade":"11","latitude":52.2366104,"longitude":20.9803486,"time":"2017-04-20T14:20:51"},
{"line":"22","brigade":"11","latitude":52.2366104,"longitude":20.9803486,"time":"2017-04-20T14:21:28"},
{"line":"22","brigade":"11","latitude":52.2373238,"longitude":20.9798069,"time":"2017-04-20T14:22:09"},
{"line":"22","brigade":"11","latitude":52.2377319,"longitude":20.9792309,"time":"2017-04-20T14:22:47"},
{"line":"22","brigade":"11","latitude":52.2394104,"longitude":20.9778194,"time":"2017-04-20T14:23:54"},
{"line":"22","brigade":"11","latitude":52.2412415,"longitude":20.9777622,"time":"2017-04-20T14:24:21"},
{"line":"22","brigade":"11","latitude":52.244812,"longitude":20.9771957,"time":"2017-04-20T14:25:34"},
{"line":"22","brigade":"11","latitude":52.2452431,"longitude":20.9771519,"time":"2017-04-20T14:26:06"},
{"line":"22","brigade":"11","latitude":52.2457161,"longitude":20.9771633,"time":"2017-04-20T14:26:11"},
{"line":"22","brigade":"11","latitude":52.2558746,"longitude":20.9820194,"time":"2017-04-20T14:32:28"},
{"line":"22","brigade":"11","latitude":52.2561607,"longitude":20.9818974,"time":"2017-04-20T14:32:39"},
{"line":"22","brigade":"11","latitude":52.2613869,"longitude":20.9804935,"time":"2017-04-20T14:33:31"},
{"line":"22","brigade":"11","latitude":52.2617111,"longitude":20.9802837,"time":"2017-04-20T14:33:42"},
{"line":"22","brigade":"11","latitude":52.261795,"longitude":20.9802246,"time":"2017-04-20T14:34:03"},
{"line":"22","brigade":"11","latitude":52.261795,"longitude":20.9802246,"time":"2017-04-20T14:34:13"},
{"line":"22","brigade":"11","latitude":52.261898,"longitude":20.9801502,"time":"2017-04-20T14:34:24"},
{"line":"22","brigade":"11","latitude":52.2622681,"longitude":20.9791698,"time":"2017-04-20T14:34:34"},
{"line":"22","brigade":"11","latitude":52.262722,"longitude":20.9775276,"time":"2017-04-20T14:35:11"},
{"line":"22","brigade":"11","latitude":52.2637749,"longitude":20.9737453,"time":"2017-04-20T14:35:37"},
{"line":"22","brigade":"11","latitude":52.2640686,"longitude":20.9726906,"time":"2017-04-20T14:35:48"},
{"line":"22","brigade":"11","latitude":52.2641754,"longitude":20.9722328,"time":"2017-04-20T14:35:58"},
{"line":"22","brigade":"11","latitude":52.2641792,"longitude":20.9722042,"time":"2017-04-20T14:36:09"},
{"line":"22","brigade":"11","latitude":52.2641792,"longitude":20.9722042,"time":"2017-04-20T14:36:19"},
{"line":"22","brigade":"11","latitude":52.2641792,"longitude":20.9722042,"time":"2017-04-20T14:36:56"},
{"line":"22","brigade":"11","latitude":52.2651405,"longitude":20.9687366,"time":"2017-04-20T14:37:22"},
{"line":"22","brigade":"11","latitude":52.2663155,"longitude":20.9645462,"time":"2017-04-20T14:37:59"},
{"line":"22","brigade":"11","latitude":52.2667389,"longitude":20.9629841,"time":"2017-04-20T14:38:41"},
{"line":"22","brigade":"11","latitude":52.2668953,"longitude":20.9624214,"time":"2017-04-20T14:38:57"},
{"line":"22","brigade":"11","latitude":52.26717,"longitude":20.9614658,"time":"2017-04-20T14:39:07"},
{"line":"22","brigade":"11","latitude":52.2680588,"longitude":20.9581814,"time":"2017-04-20T14:40:20"},
{"line":"22","brigade":"11","latitude":52.2681618,"longitude":20.9578075,"time":"2017-04-20T14:40:52"},
{"line":"22","brigade":"11","latitude":52.2681618,"longitude":20.9578075,"time":"2017-04-20T14:41:13"},
{"line":"22","brigade":"11","latitude":52.268219,"longitude":20.9575939,"time":"2017-04-20T14:41:29"},
{"line":"22","brigade":"11","latitude":52.2688065,"longitude":20.9554405,"time":"2017-04-20T14:41:45"},
{"line":"22","brigade":"11","latitude":52.2693825,"longitude":20.9533672,"time":"2017-04-20T14:42:01"},
{"line":"22","brigade":"11","latitude":52.2695885,"longitude":20.9526749,"time":"2017-04-20T14:42:10"},
{"line":"22","brigade":"11","latitude":52.2714996,"longitude":20.9457417,"time":"2017-04-20T14:43:29"},
{"line":"22","brigade":"11","latitude":52.2714996,"longitude":20.9457359,"time":"2017-04-20T14:44:01"},
{"line":"22","brigade":"11","latitude":52.2716179,"longitude":20.9453182,"time":"2017-04-20T14:44:32"},
{"line":"22","brigade":"11","latitude":52.2715302,"longitude":20.9438152,"time":"2017-04-20T14:45:45"},
{"line":"22","brigade":"11","latitude":52.2711105,"longitude":20.9438248,"time":"2017-04-20T14:46:59"},
{"line":"22","brigade":"11","latitude":52.2711105,"longitude":20.9438248,"time":"2017-04-20T14:47:35"},
{"line":"22","brigade":"11","latitude":52.2711105,"longitude":20.9438248,"time":"2017-04-20T14:48:07"},
{"line":"22","brigade":"11","latitude":52.2711105,"longitude":20.9438248,"time":"2017-04-20T14:48:44"},
{"line":"22","brigade":"11","latitude":52.2711105,"longitude":20.9438248,"time":"2017-04-20T14:48:59"},
{"line":"22","brigade":"11","latitude":52.2711105,"longitude":20.9438248,"time":"2017-04-20T14:49:20"},
{"line":"22","brigade":"11","latitude":52.2713623,"longitude":20.9440022,"time":"2017-04-20T14:49:47"},
{"line":"22","brigade":"11","latitude":52.2713623,"longitude":20.9440022,"time":"2017-04-20T14:50:44"},
{"line":"22","brigade":"11","latitude":52.2713623,"longitude":20.9440022,"time":"2017-04-20T14:51:42"},
{"line":"22","brigade":"11","latitude":52.2713623,"longitude":20.9440022,"time":"2017-04-20T14:52:55"},
{"line":"22","brigade":"11","latitude":52.2713623,"longitude":20.9440022,"time":"2017-04-20T14:54:15"},
{"line":"22","brigade":"11","latitude":52.2713623,"longitude":20.9440022,"time":"2017-04-20T14:54:30"},
{"line":"22","brigade":"11","latitude":52.2713623,"longitude":20.9440022,"time":"2017-04-20T14:55:12"},
{"line":"22","brigade":"11","latitude":52.2713623,"longitude":20.9440022,"time":"2017-04-20T14:55:17"},
{"line":"22","brigade":"11","latitude":52.2713623,"longitude":20.9440022,"time":"2017-04-20T14:56:15"},
{"line":"22","brigade":"11","latitude":52.2713623,"longitude":20.9440022,"time":"2017-04-20T14:56:25"},
{"line":"22","brigade":"11","latitude":52.2713623,"longitude":20.9440022,"time":"2017-04-20T14:57:02"},
{"line":"22","brigade":"11","latitude":52.2713623,"longitude":20.9440022,"time":"2017-04-20T14:58:00"},
{"line":"22","brigade":"11","latitude":52.2713623,"longitude":20.9440022,"time":"2017-04-20T14:58:15"},
{"line":"22","brigade":"11","latitude":52.2713623,"longitude":20.9440022,"time":"2017-04-20T14:58:47"},
{"line":"22","brigade":"11","latitude":52.2713623,"longitude":20.9440022,"time":"2017-04-20T14:59:45"},
{"line":"22","brigade":"11","latitude":52.2713623,"longitude":20.9440022,"time":"2017-04-20T15:00:00"},
{"line":"22","brigade":"11","latitude":52.2713623,"longitude":20.9440022,"time":"2017-04-20T15:00:42"},
{"line":"22","brigade":"11","latitude":52.2714157,"longitude":20.9440479,"time":"2017-04-20T15:01:14"},
{"line":"22","brigade":"11","latitude":52.2716408,"longitude":20.9446449,"time":"2017-04-20T15:01:45"},
{"line":"22","brigade":"11","latitude":52.2714119,"longitude":20.945961,"time":"2017-04-20T15:02:17"},
{"line":"22","brigade":"11","latitude":52.2714119,"longitude":20.945961,"time":"2017-04-20T15:02:22"},
{"line":"22","brigade":"11","latitude":52.2694969,"longitude":20.9528885,"time":"2017-04-20T15:03:30"},
{"line":"22","brigade":"11","latitude":52.2693672,"longitude":20.9533539,"time":"2017-04-20T15:03:35"},
{"line":"22","brigade":"11","latitude":52.2692871,"longitude":20.9536266,"time":"2017-04-20T15:04:02"},
{"line":"22","brigade":"11","latitude":52.2691383,"longitude":20.9541721,"time":"2017-04-20T15:04:07"},
{"line":"22","brigade":"11","latitude":52.2682762,"longitude":20.9572926,"time":"2017-04-20T15:04:59"},
{"line":"22","brigade":"11","latitude":52.2682724,"longitude":20.9573002,"time":"2017-04-20T15:05:10"},
{"line":"22","brigade":"11","latitude":52.2680054,"longitude":20.9582729,"time":"2017-04-20T15:06:18"},
{"line":"22","brigade":"11","latitude":52.2679329,"longitude":20.9585361,"time":"2017-04-20T15:06:50"},
{"line":"22","brigade":"11","latitude":52.2679329,"longitude":20.9585361,"time":"2017-04-20T15:07:00"},
{"line":"22","brigade":"11","latitude":52.2666283,"longitude":20.9632378,"time":"2017-04-20T15:08:45"},
{"line":"22","brigade":"11","latitude":52.2662354,"longitude":20.9646664,"time":"2017-04-20T15:09:06"},
{"line":"22","brigade":"11","latitude":52.2654839,"longitude":20.9673862,"time":"2017-04-20T15:09:22"},
{"line":"22","brigade":"11","latitude":52.264328,"longitude":20.9715405,"time":"2017-04-20T15:10:19"},
{"line":"22","brigade":"11","latitude":52.264328,"longitude":20.9715405,"time":"2017-04-20T15:10:35"},
{"line":"22","brigade":"11","latitude":52.2641258,"longitude":20.9722691,"time":"2017-04-20T15:11:07"},
{"line":"22","brigade":"11","latitude":52.2629013,"longitude":20.9766998,"time":"2017-04-20T15:11:34"},
{"line":"22","brigade":"11","latitude":52.2623825,"longitude":20.9785976,"time":"2017-04-20T15:12:10"},
{"line":"22","brigade":"11","latitude":52.2623825,"longitude":20.9785976,"time":"2017-04-20T15:12:52"},
{"line":"22","brigade":"11","latitude":52.2579765,"longitude":20.9813004,"time":"2017-04-20T15:13:55"},
{"line":"22","brigade":"11","latitude":52.2559929,"longitude":20.9819546,"time":"2017-04-20T15:14:47"},
{"line":"22","brigade":"11","latitude":52.2556114,"longitude":20.9821053,"time":"2017-04-20T15:15:24"},
{"line":"22","brigade":"11","latitude":52.2556114,"longitude":20.9821053,"time":"2017-04-20T15:15:50"},
{"line":"22","brigade":"11","latitude":52.2553749,"longitude":20.982193,"time":"2017-04-20T15:16:21"},
{"line":"22","brigade":"11","latitude":52.2553749,"longitude":20.982193,"time":"2017-04-20T15:17:03"},
{"line":"22","brigade":"11","latitude":52.2544746,"longitude":20.9819889,"time":"2017-04-20T15:17:35"},
{"line":"22","brigade":"11","latitude":52.2544594,"longitude":20.9819698,"time":"2017-04-20T15:18:12"},
{"line":"22","brigade":"11","latitude":52.2534981,"longitude":20.9813995,"time":"2017-04-20T15:18:48"},
{"line":"22","brigade":"11","latitude":52.2506866,"longitude":20.9800415,"time":"2017-04-20T15:19:20"},
{"line":"22","brigade":"11","latitude":52.2487564,"longitude":20.9792271,"time":"2017-04-20T15:19:51"},
{"line":"22","brigade":"11","latitude":52.2450333,"longitude":20.97715,"time":"2017-04-20T15:20:39"},
{"line":"22","brigade":"11","latitude":52.2444153,"longitude":20.9772377,"time":"2017-04-20T15:21:05"},
{"line":"22","brigade":"11","latitude":52.2430191,"longitude":20.9777355,"time":"2017-04-20T15:22:08"},
{"line":"22","brigade":"11","latitude":52.2398071,"longitude":20.9776669,"time":"2017-04-20T15:22:55"},
{"line":"22","brigade":"11","latitude":52.2391014,"longitude":20.9779453,"time":"2017-04-20T15:23:26"},
{"line":"22","brigade":"11","latitude":52.2365646,"longitude":20.9803467,"time":"2017-04-20T15:24:08"},
{"line":"22","brigade":"11","latitude":52.2342644,"longitude":20.9815712,"time":"2017-04-20T15:25:16"},
{"line":"22","brigade":"11","latitude":52.231823,"longitude":20.9831467,"time":"2017-04-20T15:26:09"},
{"line":"22","brigade":"11","latitude":52.2307854,"longitude":20.9840469,"time":"2017-04-20T15:27:13"},
{"line":"22","brigade":"11","latitude":52.2292213,"longitude":20.9854202,"time":"2017-04-20T15:28:15"},
{"line":"22","brigade":"11","latitude":52.226696,"longitude":20.9876156,"time":"2017-04-20T15:28:41"},
{"line":"22","brigade":"11","latitude":52.2249222,"longitude":20.9897251,"time":"2017-04-20T15:30:26"},
{"line":"22","brigade":"11","latitude":52.2252121,"longitude":20.9904842,"time":"2017-04-20T15:30:36"},
{"line":"22","brigade":"11","latitude":52.225605,"longitude":20.9921322,"time":"2017-04-20T15:31:13"},
{"line":"22","brigade":"11","latitude":52.226265,"longitude":20.9952602,"time":"2017-04-20T15:32:06"},
{"line":"22","brigade":"11","latitude":52.2276535,"longitude":21.0016842,"time":"2017-04-20T15:33:55"},
{"line":"22","brigade":"11","latitude":52.2296867,"longitude":21.0111809,"time":"2017-04-20T15:36:15"},
{"line":"22","brigade":"11","latitude":52.2297096,"longitude":21.0112782,"time":"2017-04-20T15:36:46"},
{"line":"22","brigade":"11","latitude":52.2298012,"longitude":21.0117073,"time":"2017-04-20T15:36:51"},
{"line":"22","brigade":"11","latitude":52.2315788,"longitude":21.0201511,"time":"2017-04-20T15:38:46"},
{"line":"22","brigade":"11","latitude":52.2339478,"longitude":21.0314732,"time":"2017-04-20T15:40:31"},
{"line":"22","brigade":"11","latitude":52.2352867,"longitude":21.0380497,"time":"2017-04-20T15:41:54"},
{"line":"22","brigade":"11","latitude":52.236618,"longitude":21.0445461,"time":"2017-04-20T15:42:27"},
{"line":"22","brigade":"11","latitude":52.2379799,"longitude":21.0508385,"time":"2017-04-20T15:43:29"},
{"line":"22","brigade":"11","latitude":52.2379799,"longitude":21.0508461,"time":"2017-04-20T15:43:40"},
{"line":"22","brigade":"11","latitude":52.2389526,"longitude":21.0511322,"time":"2017-04-20T15:44:01"},
{"line":"22","brigade":"11","latitude":52.2394867,"longitude":21.0508785,"time":"2017-04-20T15:44:23"},
{"line":"22","brigade":"11","latitude":52.2441216,"longitude":21.0486221,"time":"2017-04-20T15:45:19"},
{"line":"22","brigade":"11","latitude":52.245285,"longitude":21.0480499,"time":"2017-04-20T15:45:30"},
{"line":"22","brigade":"11","latitude":52.2471313,"longitude":21.0471916,"time":"2017-04-20T15:46:01"},
{"line":"22","brigade":"11","latitude":52.2475166,"longitude":21.0485115,"time":"2017-04-20T15:46:48"},
{"line":"22","brigade":"11","latitude":52.2474709,"longitude":21.0488358,"time":"2017-04-20T15:47:09"},
{"line":"22","brigade":"11","latitude":52.247303,"longitude":21.0517197,"time":"2017-04-20T15:47:46"},
{"line":"22","brigade":"11","latitude":52.2468567,"longitude":21.058672,"time":"2017-04-20T15:49:41"},
{"line":"22","brigade":"11","latitude":52.2465477,"longitude":21.063261,"time":"2017-04-20T15:50:23"},
{"line":"22","brigade":"11","latitude":52.2464867,"longitude":21.0641975,"time":"2017-04-20T15:50:34"},
{"line":"22","brigade":"11","latitude":52.2464638,"longitude":21.064518,"time":"2017-04-20T15:51:01"},
{"line":"22","brigade":"11","latitude":52.2462387,"longitude":21.0681152,"time":"2017-04-20T15:51:26"},
{"line":"22","brigade":"11","latitude":52.2461624,"longitude":21.0692692,"time":"2017-04-20T15:52:24"},
{"line":"22","brigade":"11","latitude":52.2461243,"longitude":21.0698795,"time":"2017-04-20T15:52:34"},
{"line":"22","brigade":"11","latitude":52.2458611,"longitude":21.0744133,"time":"2017-04-20T15:53:06"},
{"line":"22","brigade":"11","latitude":52.2458572,"longitude":21.0744762,"time":"2017-04-20T15:53:11"},
{"line":"22","brigade":"11","latitude":52.2458534,"longitude":21.0745602,"time":"2017-04-20T15:54:25"},
{"line":"22","brigade":"11","latitude":52.2454758,"longitude":21.0810795,"time":"2017-04-20T15:56:09"},
{"line":"22","brigade":"11","latitude":52.2454376,"longitude":21.0817261,"time":"2017-04-20T15:56:14"},
{"line":"22","brigade":"11","latitude":52.245327,"longitude":21.0834427,"time":"2017-04-20T15:56:35"},
{"line":"22","brigade":"11","latitude":52.245327,"longitude":21.0834427,"time":"2017-04-20T15:56:46"},
{"line":"22","brigade":"11","latitude":52.2446404,"longitude":21.0845547,"time":"2017-04-20T15:57:54"},
{"line":"22","brigade":"11","latitude":52.2446404,"longitude":21.0845547,"time":"2017-04-20T15:57:59"},
{"line":"22","brigade":"11","latitude":52.2446404,"longitude":21.0845547,"time":"2017-04-20T15:58:20"},
{"line":"22","brigade":"11","latitude":52.2446404,"longitude":21.0845547,"time":"2017-04-20T15:58:31"},
{"line":"22","brigade":"11","latitude":52.2446136,"longitude":21.0849686,"time":"2017-04-20T15:59:39"},
{"line":"22","brigade":"11","latitude":52.2446136,"longitude":21.0849686,"time":"2017-04-20T16:00:21"},
{"line":"22","brigade":"11","latitude":52.2446136,"longitude":21.0849686,"time":"2017-04-20T16:00:37"},
{"line":"22","brigade":"11","latitude":52.2446136,"longitude":21.0849686,"time":"2017-04-20T16:01:24"},
{"line":"22","brigade":"11","latitude":52.2446136,"longitude":21.0849686,"time":"2017-04-20T16:01:34"},
{"line":"22","brigade":"11","latitude":52.2446136,"longitude":21.0849686,"time":"2017-04-20T16:02:06"},
{"line":"22","brigade":"11","latitude":52.2446136,"longitude":21.0849686,"time":"2017-04-20T16:03:09"},
{"line":"22","brigade":"11","latitude":52.2446136,"longitude":21.0849686,"time":"2017-04-20T16:03:19"},
{"line":"22","brigade":"11","latitude":52.2446136,"longitude":21.0849686,"time":"2017-04-20T16:04:54"},
{"line":"22","brigade":"11","latitude":52.2446136,"longitude":21.0849686,"time":"2017-04-20T16:05:09"},
{"line":"22","brigade":"11","latitude":52.2446136,"longitude":21.0849686,"time":"2017-04-20T16:05:41"},
{"line":"22","brigade":"11","latitude":52.2446136,"longitude":21.0849686,"time":"2017-04-20T16:06:44"},
{"line":"22","brigade":"11","latitude":52.2446136,"longitude":21.0849686,"time":"2017-04-20T16:07:26"},
{"line":"22","brigade":"11","latitude":52.2446136,"longitude":21.0849686,"time":"2017-04-20T16:07:31"},
{"line":"22","brigade":"11","latitude":52.2446136,"longitude":21.0849686,"time":"2017-04-20T16:09:21"},
{"line":"22","brigade":"11","latitude":52.2446136,"longitude":21.0849686,"time":"2017-04-20T16:09:53"},
{"line":"22","brigade":"11","latitude":52.2452087,"longitude":21.0850449,"time":"2017-04-20T16:11:27"},
{"line":"22","brigade":"11","latitude":52.245224,"longitude":21.0847435,"time":"2017-04-20T16:11:32"},
{"line":"22","brigade":"11","latitude":52.2456818,"longitude":21.078701,"time":"2017-04-20T16:13:59"},
{"line":"22","brigade":"11","latitude":52.2457237,"longitude":21.0779915,"time":"2017-04-20T16:14:04"},
{"line":"22","brigade":"11","latitude":52.2460251,"longitude":21.0727806,"time":"2017-04-20T16:15:02"},
{"line":"22","brigade":"11","latitude":52.2461624,"longitude":21.0708122,"time":"2017-04-20T16:15:12"},
{"line":"22","brigade":"11","latitude":52.2461967,"longitude":21.0698452,"time":"2017-04-20T16:15:28"},
{"line":"22","brigade":"11","latitude":52.2462425,"longitude":21.068985,"time":"2017-04-20T16:15:54"},
{"line":"22","brigade":"11","latitude":52.2465553,"longitude":21.0642319,"time":"2017-04-20T16:16:26"},
{"line":"22","brigade":"11","latitude":52.2466316,"longitude":21.0629463,"time":"2017-04-20T16:17:02"},
{"line":"22","brigade":"11","latitude":52.2469444,"longitude":21.0586338,"time":"2017-04-20T16:17:39"},
{"line":"22","brigade":"11","latitude":52.2469635,"longitude":21.058321,"time":"2017-04-20T16:18:11"},
{"line":"22","brigade":"11","latitude":52.2470856,"longitude":21.0565014,"time":"2017-04-20T16:18:24"},
{"line":"22","brigade":"11","latitude":52.2473831,"longitude":21.0518074,"time":"2017-04-20T16:20:01"},
{"line":"22","brigade":"11","latitude":52.2474289,"longitude":21.0509472,"time":"2017-04-20T16:20:06"},
{"line":"22","brigade":"11","latitude":52.2477455,"longitude":21.047245,"time":"2017-04-20T16:20:58"},
{"line":"22","brigade":"11","latitude":52.2472458,"longitude":21.0470219,"time":"2017-04-20T16:21:09"},
{"line":"22","brigade":"11","latitude":52.2464218,"longitude":21.0474243,"time":"2017-04-20T16:21:46"},
{"line":"22","brigade":"11","latitude":52.2464218,"longitude":21.0474243,"time":"2017-04-20T16:21:47"},
{"line":"22","brigade":"11","latitude":52.2397499,"longitude":21.0506973,"time":"2017-04-20T16:22:49"},
{"line":"22","brigade":"11","latitude":52.2389717,"longitude":21.0510635,"time":"2017-04-20T16:22:59"},
{"line":"22","brigade":"11","latitude":52.2383385,"longitude":21.0511322,"time":"2017-04-20T16:23:36"},
{"line":"22","brigade":"11","latitude":52.23666,"longitude":21.0443687,"time":"2017-04-20T16:24:49"},
{"line":"22","brigade":"11","latitude":52.2356567,"longitude":21.0394993,"time":"2017-04-20T16:25:21"},
{"line":"22","brigade":"11","latitude":52.2350159,"longitude":21.0363979,"time":"2017-04-20T16:26:02"},
{"line":"22","brigade":"11","latitude":52.2346992,"longitude":21.0348434,"time":"2017-04-20T16:26:24"},
{"line":"22","brigade":"11","latitude":52.2338562,"longitude":21.0307522,"time":"2017-04-20T16:27:05"},
{"line":"22","brigade":"11","latitude":52.2331123,"longitude":21.0271072,"time":"2017-04-20T16:27:28"},
{"line":"22","brigade":"11","latitude":52.2320518,"longitude":21.0220089,"time":"2017-04-20T16:28:29"},
{"line":"22","brigade":"11","latitude":52.2310791,"longitude":21.0172844,"time":"2017-04-20T16:29:58"},
{"line":"22","brigade":"11","latitude":52.230526,"longitude":21.0145435,"time":"2017-04-20T16:30:42"},
{"line":"22","brigade":"11","latitude":52.229969,"longitude":21.012022,"time":"2017-04-20T16:31:49"},
{"line":"22","brigade":"11","latitude":52.2298775,"longitude":21.0116081,"time":"2017-04-20T16:31:54"},
{"line":"22","brigade":"11","latitude":52.2280159,"longitude":21.003046,"time":"2017-04-20T16:33:19"},
{"line":"22","brigade":"11","latitude":52.2280159,"longitude":21.003046,"time":"2017-04-20T16:33:24"},
{"line":"22","brigade":"11","latitude":52.2280159,"longitude":21.003046,"time":"2017-04-20T16:33:39"},
{"line":"22","brigade":"11","latitude":52.2280121,"longitude":21.0030479,"time":"2017-04-20T16:34:15"},
{"line":"22","brigade":"11","latitude":52.2258759,"longitude":20.9931126,"time":"2017-04-20T16:37:45"},
{"line":"22","brigade":"11","latitude":52.2250748,"longitude":20.9897404,"time":"2017-04-20T16:38:37"},
{"line":"22","brigade":"11","latitude":52.2250748,"longitude":20.9897404,"time":"2017-04-20T16:39:04"},
{"line":"22","brigade":"11","latitude":52.2250748,"longitude":20.9897423,"time":"2017-04-20T16:39:40"},
{"line":"22","brigade":"11","latitude":52.2268333,"longitude":20.9875507,"time":"2017-04-20T16:40:49"},
{"line":"22","brigade":"11","latitude":52.2273979,"longitude":20.9870529,"time":"2017-04-20T16:41:25"},
{"line":"22","brigade":"11","latitude":52.2273979,"longitude":20.9870529,"time":"2017-04-20T16:41:26"},
{"line":"22","brigade":"11","latitude":52.2299156,"longitude":20.9848347,"time":"2017-04-20T16:42:07"},
{"line":"22","brigade":"11","latitude":52.2299156,"longitude":20.9848347,"time":"2017-04-20T16:42:23"},
{"line":"22","brigade":"11","latitude":52.2299156,"longitude":20.9848347,"time":"2017-04-20T16:42:39"},
{"line":"22","brigade":"11","latitude":52.2330933,"longitude":20.9822826,"time":"2017-04-20T16:44:24"},
{"line":"22","brigade":"11","latitude":52.2347031,"longitude":20.9812355,"time":"2017-04-20T16:45:06"},
{"line":"22","brigade":"11","latitude":52.2355309,"longitude":20.9806919,"time":"2017-04-20T16:45:47"},
{"line":"22","brigade":"11","latitude":52.2355309,"longitude":20.9806919,"time":"2017-04-20T16:46:09"},
{"line":"22","brigade":"11","latitude":52.2359238,"longitude":20.9805698,"time":"2017-04-20T16:46:19"},
{"line":"22","brigade":"11","latitude":52.2366295,"longitude":20.9803448,"time":"2017-04-20T16:46:40"},
{"line":"22","brigade":"11","latitude":52.2366295,"longitude":20.9803448,"time":"2017-04-20T16:46:45"},
{"line":"22","brigade":"11","latitude":52.2377357,"longitude":20.9792538,"time":"2017-04-20T16:48:19"},
{"line":"22","brigade":"11","latitude":52.239521,"longitude":20.9777603,"time":"2017-04-20T16:49:49"},
{"line":"22","brigade":"11","latitude":52.241993,"longitude":20.9779167,"time":"2017-04-20T16:51:07"},
{"line":"22","brigade":"11","latitude":52.2441254,"longitude":20.9773273,"time":"2017-04-20T16:51:54"},
{"line":"22","brigade":"11","latitude":52.2486877,"longitude":20.9792042,"time":"2017-04-20T16:53:55"},
{"line":"22","brigade":"11","latitude":52.2512932,"longitude":20.9803219,"time":"2017-04-20T16:54:53"},
{"line":"22","brigade":"11","latitude":52.2528839,"longitude":20.9810829,"time":"2017-04-20T16:55:09"},
{"line":"22","brigade":"11","latitude":52.2530289,"longitude":20.981163,"time":"2017-04-20T16:55:40"},
{"line":"22","brigade":"11","latitude":52.2530289,"longitude":20.981163,"time":"2017-04-20T16:55:50"},
{"line":"22","brigade":"11","latitude":52.2540245,"longitude":20.981657,"time":"2017-04-20T16:56:38"},
{"line":"22","brigade":"11","latitude":52.2546158,"longitude":20.982151,"time":"2017-04-20T16:57:04"},
{"line":"22","brigade":"11","latitude":52.2547188,"longitude":20.9822826,"time":"2017-04-20T16:57:25"},
{"line":"22","brigade":"11","latitude":52.2547607,"longitude":20.9823303,"time":"2017-04-20T16:57:32"},
{"line":"22","brigade":"11","latitude":52.2551575,"longitude":20.9823132,"time":"2017-04-20T16:58:23"},
{"line":"22","brigade":"11","latitude":52.2567444,"longitude":20.9816799,"time":"2017-04-20T16:59:15"},
{"line":"22","brigade":"11","latitude":52.2618484,"longitude":20.9801979,"time":"2017-04-20T17:00:23"},
{"line":"22","brigade":"11","latitude":52.2618484,"longitude":20.9801979,"time":"2017-04-20T17:00:29"},
{"line":"22","brigade":"11","latitude":52.2618484,"longitude":20.980196,"time":"2017-04-20T17:00:55"},
{"line":"22","brigade":"11","latitude":52.2622643,"longitude":20.9792538,"time":"2017-04-20T17:01:12"},
{"line":"22","brigade":"11","latitude":52.2634163,"longitude":20.9750195,"time":"2017-04-20T17:02:03"},
{"line":"22","brigade":"11","latitude":52.2642136,"longitude":20.9721661,"time":"2017-04-20T17:02:40"},
{"line":"22","brigade":"11","latitude":52.2642136,"longitude":20.9721661,"time":"2017-04-20T17:02:45"},
{"line":"22","brigade":"11","latitude":52.2660027,"longitude":20.9657211,"time":"2017-04-20T17:03:43"},
{"line":"22","brigade":"11","latitude":52.2664452,"longitude":20.9641228,"time":"2017-04-20T17:04:35"},
{"line":"22","brigade":"11","latitude":52.2664452,"longitude":20.9641228,"time":"2017-04-20T17:05:22"},
{"line":"22","brigade":"11","latitude":52.2667999,"longitude":20.9628468,"time":"2017-04-20T17:05:38"},
{"line":"22","brigade":"11","latitude":52.2670898,"longitude":20.9617825,"time":"2017-04-20T17:06:09"},
{"line":"22","brigade":"11","latitude":52.2677383,"longitude":20.9594479,"time":"2017-04-20T17:06:25"},
{"line":"22","brigade":"11","latitude":52.2693634,"longitude":20.9536209,"time":"2017-04-20T17:08:05"},
{"line":"22","brigade":"11","latitude":52.2699509,"longitude":20.9514942,"time":"2017-04-20T17:08:52"},
{"line":"22","brigade":"11","latitude":52.2706604,"longitude":20.9489326,"time":"2017-04-20T17:09:08"},
{"line":"22","brigade":"11","latitude":52.2709351,"longitude":20.9479465,"time":"2017-04-20T17:09:13"},
{"line":"22","brigade":"11","latitude":52.2716599,"longitude":20.9453449,"time":"2017-04-20T17:09:55"},
{"line":"22","brigade":"11","latitude":52.2709274,"longitude":20.9434795,"time":"2017-04-20T17:11:40"},
{"line":"22","brigade":"11","latitude":52.2714043,"longitude":20.9439907,"time":"2017-04-20T17:13:30"},
{"line":"22","brigade":"11","latitude":52.2714043,"longitude":20.9439907,"time":"2017-04-20T17:14:43"},
{"line":"22","brigade":"11","latitude":52.2714043,"longitude":20.9439907,"time":"2017-04-20T17:15:20"},
{"line":"22","brigade":"11","latitude":52.2714043,"longitude":20.9439907,"time":"2017-04-20T17:16:07"},
{"line":"22","brigade":"11","latitude":52.2714043,"longitude":20.9439907,"time":"2017-04-20T17:17:05"},
{"line":"22","brigade":"11","latitude":52.2714043,"longitude":20.9439907,"time":"2017-04-20T17:17:52"},
{"line":"22","brigade":"11","latitude":52.2714043,"longitude":20.9439907,"time":"2017-04-20T17:18:23"},
{"line":"22","brigade":"11","latitude":52.2714043,"longitude":20.9439907,"time":"2017-04-20T17:18:39"},
{"line":"22","brigade":"11","latitude":52.2714043,"longitude":20.9439907,"time":"2017-04-20T17:18:50"},
{"line":"22","brigade":"11","latitude":52.2714043,"longitude":20.9439907,"time":"2017-04-20T17:19:37"},
{"line":"22","brigade":"11","latitude":52.2714043,"longitude":20.9439907,"time":"2017-04-20T17:19:52"},
{"line":"22","brigade":"11","latitude":52.2714043,"longitude":20.9439907,"time":"2017-04-20T17:20:03"},
{"line":"22","brigade":"11","latitude":52.2717018,"longitude":20.9447231,"time":"2017-04-20T17:20:40"},
{"line":"22","brigade":"11","latitude":52.2717018,"longitude":20.9447231,"time":"2017-04-20T17:21:22"},
{"line":"22","brigade":"11","latitude":52.2714539,"longitude":20.9459953,"time":"2017-04-20T17:21:53"},
{"line":"22","brigade":"11","latitude":52.2705231,"longitude":20.9493866,"time":"2017-04-20T17:22:25"},
{"line":"22","brigade":"11","latitude":52.26548,"longitude":20.9675484,"time":"2017-04-20T17:27:13"},
{"line":"22","brigade":"11","latitude":52.2644691,"longitude":20.9711514,"time":"2017-04-20T17:27:45"},
{"line":"22","brigade":"11","latitude":52.2644691,"longitude":20.9711514,"time":"2017-04-20T17:27:50"},
{"line":"22","brigade":"11","latitude":52.2644691,"longitude":20.9711514,"time":"2017-04-20T17:27:55"},
{"line":"22","brigade":"11","latitude":52.257431,"longitude":20.9814034,"time":"2017-04-20T17:31:20"},
{"line":"22","brigade":"11","latitude":52.2560005,"longitude":20.9819469,"time":"2017-04-20T17:32:44"},
{"line":"22","brigade":"11","latitude":52.2560005,"longitude":20.9819469,"time":"2017-04-20T17:32:54"},
{"line":"22","brigade":"11","latitude":52.2560005,"longitude":20.9819469,"time":"2017-04-20T17:33:04"},
{"line":"22","brigade":"11","latitude":52.2560005,"longitude":20.9819469,"time":"2017-04-20T17:33:10"},
{"line":"22","brigade":"11","latitude":52.2554779,"longitude":20.9821568,"time":"2017-04-20T17:33:31"},
{"line":"22","brigade":"11","latitude":52.2554665,"longitude":20.9821606,"time":"2017-04-20T17:33:36"},
{"line":"22","brigade":"11","latitude":52.2545052,"longitude":20.9819736,"time":"2017-04-20T17:34:49"},
{"line":"22","brigade":"11","latitude":52.2535286,"longitude":20.9813995,"time":"2017-04-20T17:36:03"},
{"line":"22","brigade":"11","latitude":52.2532005,"longitude":20.9812431,"time":"2017-04-20T17:36:34"}}